{
    "aveiro": [
        "/pt/resultados/comprar/apartamento/aveiro/oliveira-do-bairro",
        "/pt/resultados/comprar/apartamento/aveiro/vagos",
        "/pt/resultados/comprar/apartamento/aveiro/sao-joao-da-madeira",
        "/pt/resultados/comprar/apartamento/aveiro/castelo-de-paiva",
        "/pt/resultados/comprar/apartamento/aveiro/ilhavo",
        "/pt/resultados/comprar/apartamento/aveiro/oliveira-de-azemeis",
        "/pt/resultados/comprar/apartamento/aveiro/sever-do-vouga",
        "/pt/resultados/comprar/apartamento/aveiro/aveiro",
        "/pt/resultados/comprar/apartamento/aveiro/vale-de-cambra",
        "/pt/resultados/comprar/apartamento/aveiro/murtosa",
        "/pt/resultados/comprar/apartamento/aveiro/anadia",
        "/pt/resultados/comprar/apartamento/aveiro/albergaria-a-velha",
        "/pt/resultados/comprar/apartamento/aveiro/arouca",
        "/pt/resultados/arrendar/apartamento/aveiro/aveiro",
        "/pt/resultados/comprar/apartamento/aveiro/ovar",
        "/pt/resultados/comprar/apartamento/aveiro/estarreja",
        "/pt/resultados/comprar/apartamento/aveiro/agueda",
        "/pt/resultados/comprar/apartamento/aveiro/espinho",
        "/pt/resultados/comprar/apartamento/aveiro/mealhada",
        "/pt/resultados/comprar/apartamento/aveiro/santa-maria-da-feira"
    ],
    "beja": [
        "/pt/resultados/comprar/apartamento/beja/mertola",
        "/pt/resultados/comprar/apartamento/beja/ourique",
        "/pt/resultados/comprar/apartamento/beja/moura",
        "/pt/resultados/comprar/apartamento/beja/aljustrel",
        "/pt/resultados/comprar/apartamento/beja/almodovar",
        "/pt/resultados/comprar/apartamento/beja/odemira",
        "/pt/resultados/comprar/apartamento/beja/beja",
        "/pt/resultados/comprar/apartamento/beja/cuba",
        "/pt/resultados/comprar/apartamento/beja/ferreira-do-alentejo",
        "/pt/resultados/comprar/apartamento/beja/serpa",
        "/pt/resultados/comprar/apartamento/beja/castro-verde",
        "/pt/resultados/comprar/apartamento/beja/vidigueira"
    ],
    "braga": [
        "/pt/resultados/comprar/apartamento/braga/guimaraes",
        "/pt/resultados/comprar/apartamento/braga/vieira-do-minho",
        "/pt/resultados/comprar/apartamento/braga/barcelos",
        "/pt/resultados/comprar/apartamento/braga/vila-verde",
        "/pt/resultados/comprar/apartamento/braga/povoa-de-lanhoso",
        "/pt/resultados/comprar/apartamento/braga/vizela",
        "/pt/resultados/comprar/apartamento/braga/amares",
        "/pt/resultados/comprar/apartamento/braga/vila-nova-de-famalicao",
        "/pt/resultados/comprar/apartamento/braga/braga",
        "/pt/resultados/comprar/apartamento/braga/fafe",
        "/pt/resultados/comprar/apartamento/braga/esposende",
        "/pt/resultados/comprar/apartamento/braga/terras-de-bouro",
        "/pt/resultados/comprar/apartamento/braga/celorico-de-basto",
        "/pt/resultados/comprar/apartamento/braga/cabeceiras-de-basto",
        "/pt/resultados/arrendar/apartamento/braga/braga"
    ],
    "braganca": [
        "/pt/resultados/comprar/apartamento/braganca/carrazeda-de-ansiaes",
        "/pt/resultados/comprar/apartamento/braganca/braganca",
        "/pt/resultados/comprar/apartamento/braganca/mogadouro",
        "/pt/resultados/comprar/apartamento/braganca/freixo-de-espada-a-cinta",
        "/pt/resultados/comprar/apartamento/braganca/torre-de-moncorvo",
        "/pt/resultados/comprar/apartamento/braganca/vimioso",
        "/pt/resultados/comprar/apartamento/braganca/miranda-do-douro",
        "/pt/resultados/comprar/apartamento/braganca/vinhais",
        "/pt/resultados/comprar/apartamento/braganca/vila-flor",
        "/pt/resultados/comprar/apartamento/braganca/macedo-de-cavaleiros",
        "/pt/resultados/comprar/apartamento/braganca/alfandega-da-fe",
        "/pt/resultados/comprar/apartamento/braganca/mirandela"
    ],
    "castelo-branco": [
        "/pt/resultados/comprar/apartamento/castelo-branco/proenca-a-nova",
        "/pt/resultados/comprar/apartamento/castelo-branco/vila-velha-de-rodao",
        "/pt/resultados/comprar/apartamento/castelo-branco/belmonte",
        "/pt/resultados/comprar/apartamento/castelo-branco/oleiros",
        "/pt/resultados/comprar/apartamento/castelo-branco/idanha-a-nova",
        "/pt/resultados/comprar/apartamento/castelo-branco/castelo-branco",
        "/pt/resultados/comprar/apartamento/castelo-branco/covilha",
        "/pt/resultados/comprar/apartamento/castelo-branco/serta",
        "/pt/resultados/comprar/apartamento/castelo-branco/vila-de-rei",
        "/pt/resultados/comprar/apartamento/castelo-branco/fundao",
        "/pt/resultados/comprar/apartamento/castelo-branco/penamacor"
    ],
    "coimbra": [
        "/pt/resultados/comprar/apartamento/coimbra/lousa",
        "/pt/resultados/comprar/apartamento/coimbra/figueira-da-foz",
        "/pt/resultados/comprar/apartamento/coimbra/pampilhosa-da-serra",
        "/pt/resultados/comprar/apartamento/coimbra/penacova",
        "/pt/resultados/comprar/apartamento/coimbra/soure",
        "/pt/resultados/comprar/apartamento/coimbra/mira",
        "/pt/resultados/comprar/apartamento/coimbra/tabua",
        "/pt/resultados/comprar/apartamento/coimbra/arganil",
        "/pt/resultados/comprar/apartamento/coimbra/vila-nova-de-poiares",
        "/pt/resultados/comprar/apartamento/coimbra/cantanhede",
        "/pt/resultados/comprar/apartamento/coimbra/condeixa-a-nova",
        "/pt/resultados/comprar/apartamento/coimbra/montemor-o-velho",
        "/pt/resultados/comprar/apartamento/coimbra/gois",
        "/pt/resultados/comprar/apartamento/coimbra/coimbra",
        "/pt/resultados/comprar/apartamento/coimbra/oliveira-do-hospital",
        "/pt/resultados/comprar/apartamento/coimbra/miranda-do-corvo",
        "/pt/resultados/comprar/apartamento/coimbra/penela"
    ],
    "evora": [
        "/pt/resultados/comprar/apartamento/evora/estremoz",
        "/pt/resultados/comprar/apartamento/evora/reguengos-de-monsaraz",
        "/pt/resultados/comprar/apartamento/evora/vila-vicosa",
        "/pt/resultados/comprar/apartamento/evora/alandroal",
        "/pt/resultados/comprar/apartamento/evora/viana-do-alentejo",
        "/pt/resultados/comprar/apartamento/evora/mora",
        "/pt/resultados/comprar/apartamento/evora/portel",
        "/pt/resultados/comprar/apartamento/evora/vendas-novas",
        "/pt/resultados/comprar/apartamento/evora/montemor-o-novo",
        "/pt/resultados/comprar/apartamento/evora/evora",
        "/pt/resultados/comprar/apartamento/evora/arraiolos",
        "/pt/resultados/comprar/apartamento/evora/redondo",
        "/pt/resultados/comprar/apartamento/evora/borba"
    ],
    "faro": [
        "/pt/resultados/comprar/apartamento/faro/lagos",
        "/pt/resultados/comprar/apartamento/faro/albufeira",
        "/pt/resultados/comprar/apartamento/faro/olhao",
        "/pt/resultados/comprar/apartamento/faro/castro-marim",
        "/pt/resultados/comprar/apartamento/faro/silves",
        "/pt/resultados/comprar/apartamento/faro/tavira",
        "/pt/resultados/comprar/apartamento/faro/aljezur",
        "/pt/resultados/comprar/apartamento/faro/monchique",
        "/pt/resultados/comprar/apartamento/faro/vila-real-de-santo-antonio",
        "/pt/resultados/comprar/apartamento/faro/sao-bras-de-alportel",
        "/pt/resultados/comprar/apartamento/faro/faro",
        "/pt/resultados/comprar/apartamento/faro/vila-do-bispo",
        "/pt/resultados/comprar/apartamento/faro/portimao",
        "/pt/resultados/comprar/apartamento/faro/loule",
        "/pt/resultados/comprar/apartamento/faro/lagoa",
        "/pt/resultados/arrendar/apartamento/faro/faro"
    ],
    "guarda": [
        "/pt/resultados/comprar/apartamento/guarda/fornos-de-algodres",
        "/pt/resultados/comprar/apartamento/guarda/gouveia",
        "/pt/resultados/comprar/apartamento/guarda/sabugal",
        "/pt/resultados/comprar/apartamento/guarda/celorico-da-beira",
        "/pt/resultados/comprar/apartamento/guarda/vila-nova-de-foz-coa",
        "/pt/resultados/comprar/apartamento/guarda/almeida",
        "/pt/resultados/comprar/apartamento/guarda/meda",
        "/pt/resultados/comprar/apartamento/guarda/trancoso",
        "/pt/resultados/comprar/apartamento/guarda/seia",
        "/pt/resultados/comprar/apartamento/guarda/guarda",
        "/pt/resultados/comprar/apartamento/guarda/pinhel",
        "/pt/resultados/comprar/apartamento/guarda/aguiar-da-beira",
        "/pt/resultados/comprar/apartamento/guarda/figueira-de-castelo-rodrigo"
    ],
    "ilha-da-graciosa": [
        "/pt/resultados/comprar/apartamento/ilha-da-graciosa/santa-cruz-da-graciosa"
    ],
    "ilha-da-madeira": [
        "/pt/resultados/comprar/apartamento/ilha-da-madeira/calheta",
        "/pt/resultados/comprar/apartamento/ilha-da-madeira/funchal",
        "/pt/resultados/comprar/apartamento/ilha-da-madeira/santana",
        "/pt/resultados/comprar/apartamento/ilha-da-madeira/santa-cruz",
        "/pt/resultados/comprar/apartamento/ilha-da-madeira/machico",
        "/pt/resultados/comprar/apartamento/ilha-da-madeira/ponta-do-sol",
        "/pt/resultados/comprar/apartamento/ilha-da-madeira/sao-vicente",
        "/pt/resultados/comprar/apartamento/ilha-da-madeira/camara-de-lobos",
        "/pt/resultados/comprar/apartamento/ilha-da-madeira/ribeira-brava"
    ],
    "ilha-das-flores": [],
    "ilha-de-porto-santo": [
        "/pt/resultados/comprar/apartamento/ilha-de-porto-santo/porto-santo"
    ],
    "ilha-de-santa-maria": [
        "/pt/resultados/comprar/apartamento/ilha-de-santa-maria/vila-do-porto"
    ],
    "ilha-de-sao-jorge": [
        "/pt/resultados/comprar/apartamento/ilha-de-sao-jorge/velas",
        "/pt/resultados/comprar/apartamento/ilha-de-sao-jorge/calheta-de-sao-jorge"
    ],
    "ilha-de-sao-miguel": [
        "/pt/resultados/comprar/apartamento/ilha-de-sao-miguel/ponta-delgada",
        "/pt/resultados/comprar/apartamento/ilha-de-sao-miguel/povoacao",
        "/pt/resultados/comprar/apartamento/ilha-de-sao-miguel/nordeste",
        "/pt/resultados/comprar/apartamento/ilha-de-sao-miguel/ribeira-grande",
        "/pt/resultados/comprar/apartamento/ilha-de-sao-miguel/vila-franca-do-campo",
        "/pt/resultados/comprar/apartamento/ilha-de-sao-miguel/lagoa"
    ],
    "ilha-do-corvo": [],
    "ilha-do-faial": [
        "/pt/resultados/comprar/apartamento/ilha-do-faial/horta"
    ],
    "ilha-do-pico": [
        "/pt/resultados/comprar/apartamento/ilha-do-pico/madalena",
        "/pt/resultados/comprar/apartamento/ilha-do-pico/lajes-do-pico",
        "/pt/resultados/comprar/apartamento/ilha-do-pico/sao-roque-do-pico"
    ],
    "ilha-terceira": [
        "/pt/resultados/comprar/apartamento/ilha-terceira/praia-da-vitoria",
        "/pt/resultados/comprar/apartamento/ilha-terceira/angra-do-heroismo"
    ],
    "leiria": [
        "/pt/resultados/comprar/apartamento/leiria/marinha-grande",
        "/pt/resultados/comprar/apartamento/leiria/alvaiazere",
        "/pt/resultados/comprar/apartamento/leiria/nazare",
        "/pt/resultados/comprar/apartamento/leiria/ansiao",
        "/pt/resultados/comprar/apartamento/leiria/bombarral",
        "/pt/resultados/comprar/apartamento/leiria/pedrogao-grande",
        "/pt/resultados/comprar/apartamento/leiria/pombal",
        "/pt/resultados/comprar/apartamento/leiria/alcobaca",
        "/pt/resultados/comprar/apartamento/leiria/leiria",
        "/pt/resultados/comprar/apartamento/leiria/caldas-da-rainha",
        "/pt/resultados/comprar/apartamento/leiria/batalha",
        "/pt/resultados/comprar/apartamento/leiria/porto-de-mos",
        "/pt/resultados/arrendar/apartamento/leiria/leiria",
        "/pt/resultados/comprar/apartamento/leiria/obidos",
        "/pt/resultados/comprar/apartamento/leiria/figueiro-dos-vinhos",
        "/pt/resultados/comprar/apartamento/leiria/peniche"
    ],
    "lisboa": [
        "/pt/resultados/comprar/apartamento/lisboa/oeiras",
        "/pt/resultados/comprar/apartamento/lisboa/azambuja",
        "/pt/resultados/comprar/apartamento/lisboa/lisboa",
        "/pt/resultados/comprar/apartamento/lisboa/arruda-dos-vinhos",
        "/pt/resultados/comprar/apartamento/lisboa/loures",
        "/pt/resultados/comprar/apartamento/lisboa/cascais",
        "/pt/resultados/comprar/apartamento/lisboa/cadaval",
        "/pt/resultados/comprar/apartamento/lisboa/sobral-de-monte-agraco",
        "/pt/resultados/comprar/apartamento/lisboa/torres-vedras",
        "/pt/resultados/comprar/apartamento/lisboa/odivelas",
        "/pt/resultados/comprar/apartamento/lisboa/vila-franca-de-xira",
        "/pt/resultados/comprar/apartamento/lisboa/lourinha",
        "/pt/resultados/comprar/apartamento/lisboa/mafra",
        "/pt/resultados/comprar/apartamento/lisboa/amadora",
        "/pt/resultados/arrendar/apartamento/lisboa/lisboa",
        "/pt/resultados/comprar/apartamento/lisboa/sintra",
        "/pt/resultados/comprar/apartamento/lisboa/alenquer"
    ],
    "portalegre": [
        "/pt/resultados/comprar/apartamento/portalegre/campo-maior",
        "/pt/resultados/comprar/apartamento/portalegre/alter-do-chao",
        "/pt/resultados/comprar/apartamento/portalegre/castelo-de-vide",
        "/pt/resultados/comprar/apartamento/portalegre/elvas",
        "/pt/resultados/comprar/apartamento/portalegre/avis",
        "/pt/resultados/comprar/apartamento/portalegre/gaviao",
        "/pt/resultados/comprar/apartamento/portalegre/ponte-de-sor",
        "/pt/resultados/comprar/apartamento/portalegre/marvao",
        "/pt/resultados/comprar/apartamento/portalegre/crato",
        "/pt/resultados/comprar/apartamento/portalegre/portalegre",
        "/pt/resultados/comprar/apartamento/portalegre/sousel",
        "/pt/resultados/comprar/apartamento/portalegre/nisa"
    ],
    "porto": [
        "/pt/resultados/comprar/apartamento/porto/baiao",
        "/pt/resultados/comprar/apartamento/porto/paredes",
        "/pt/resultados/comprar/apartamento/porto/vila-do-conde",
        "/pt/resultados/comprar/apartamento/porto/lousada",
        "/pt/resultados/comprar/apartamento/porto/povoa-de-varzim",
        "/pt/resultados/comprar/apartamento/porto/santo-tirso",
        "/pt/resultados/arrendar/apartamento/porto/porto",
        "/pt/resultados/comprar/apartamento/porto/vila-nova-de-gaia",
        "/pt/resultados/comprar/apartamento/porto/valongo",
        "/pt/resultados/comprar/apartamento/porto/pacos-de-ferreira",
        "/pt/resultados/comprar/apartamento/porto/marco-de-canaveses",
        "/pt/resultados/comprar/apartamento/porto/porto",
        "/pt/resultados/comprar/apartamento/porto/amarante",
        "/pt/resultados/comprar/apartamento/porto/felgueiras",
        "/pt/resultados/comprar/apartamento/porto/maia",
        "/pt/resultados/comprar/apartamento/porto/matosinhos",
        "/pt/resultados/comprar/apartamento/porto/penafiel",
        "/pt/resultados/comprar/apartamento/porto/gondomar",
        "/pt/resultados/comprar/apartamento/porto/trofa"
    ],
    "santarem": [
        "/pt/resultados/comprar/apartamento/santarem/cartaxo",
        "/pt/resultados/comprar/apartamento/santarem/sardoal",
        "/pt/resultados/comprar/apartamento/santarem/entroncamento",
        "/pt/resultados/comprar/apartamento/santarem/ferreira-do-zezere",
        "/pt/resultados/comprar/apartamento/santarem/almeirim",
        "/pt/resultados/comprar/apartamento/santarem/salvaterra-de-magos",
        "/pt/resultados/comprar/apartamento/santarem/ourem",
        "/pt/resultados/comprar/apartamento/santarem/rio-maior",
        "/pt/resultados/comprar/apartamento/santarem/golega",
        "/pt/resultados/comprar/apartamento/santarem/macao",
        "/pt/resultados/comprar/apartamento/santarem/abrantes",
        "/pt/resultados/comprar/apartamento/santarem/constancia",
        "/pt/resultados/comprar/apartamento/santarem/alpiarca",
        "/pt/resultados/comprar/apartamento/santarem/tomar",
        "/pt/resultados/comprar/apartamento/santarem/santarem",
        "/pt/resultados/comprar/apartamento/santarem/torres-novas",
        "/pt/resultados/comprar/apartamento/santarem/benavente",
        "/pt/resultados/comprar/apartamento/santarem/vila-nova-da-barquinha",
        "/pt/resultados/comprar/apartamento/santarem/chamusca",
        "/pt/resultados/comprar/apartamento/santarem/alcanena",
        "/pt/resultados/comprar/apartamento/santarem/coruche"
    ],
    "setubal": [
        "/pt/resultados/comprar/apartamento/setubal/moita",
        "/pt/resultados/comprar/apartamento/setubal/sesimbra",
        "/pt/resultados/comprar/apartamento/setubal/setubal",
        "/pt/resultados/comprar/apartamento/setubal/santiago-do-cacem",
        "/pt/resultados/comprar/apartamento/setubal/seixal",
        "/pt/resultados/arrendar/apartamento/setubal/setubal",
        "/pt/resultados/comprar/apartamento/setubal/grandola",
        "/pt/resultados/comprar/apartamento/setubal/montijo",
        "/pt/resultados/comprar/apartamento/setubal/almada",
        "/pt/resultados/comprar/apartamento/setubal/alcacer-do-sal",
        "/pt/resultados/comprar/apartamento/setubal/alcochete",
        "/pt/resultados/comprar/apartamento/setubal/palmela",
        "/pt/resultados/comprar/apartamento/setubal/barreiro",
        "/pt/resultados/comprar/apartamento/setubal/sines"
    ],
    "viana-do-castelo": [
        "/pt/resultados/comprar/apartamento/viana-do-castelo/ponte-da-barca",
        "/pt/resultados/comprar/apartamento/viana-do-castelo/melgaco",
        "/pt/resultados/comprar/apartamento/viana-do-castelo/valenca",
        "/pt/resultados/comprar/apartamento/viana-do-castelo/viana-do-castelo",
        "/pt/resultados/comprar/apartamento/viana-do-castelo/vila-nova-de-cerveira",
        "/pt/resultados/comprar/apartamento/viana-do-castelo/paredes-de-coura",
        "/pt/resultados/comprar/apartamento/viana-do-castelo/moncao",
        "/pt/resultados/comprar/apartamento/viana-do-castelo/caminha",
        "/pt/resultados/comprar/apartamento/viana-do-castelo/ponte-de-lima",
        "/pt/resultados/comprar/apartamento/viana-do-castelo/arcos-de-valdevez"
    ],
    "vila-real": [
        "/pt/resultados/comprar/apartamento/vila-real/boticas",
        "/pt/resultados/comprar/apartamento/vila-real/chaves",
        "/pt/resultados/comprar/apartamento/vila-real/montalegre",
        "/pt/resultados/comprar/apartamento/vila-real/murca",
        "/pt/resultados/comprar/apartamento/vila-real/mesao-frio",
        "/pt/resultados/comprar/apartamento/vila-real/peso-da-regua",
        "/pt/resultados/comprar/apartamento/vila-real/ribeira-de-pena",
        "/pt/resultados/comprar/apartamento/vila-real/sabrosa",
        "/pt/resultados/comprar/apartamento/vila-real/santa-marta-de-penaguiao",
        "/pt/resultados/comprar/apartamento/vila-real/vila-real",
        "/pt/resultados/comprar/apartamento/vila-real/alijo",
        "/pt/resultados/comprar/apartamento/vila-real/valpacos",
        "/pt/resultados/comprar/apartamento/vila-real/vila-pouca-de-aguiar",
        "/pt/resultados/comprar/apartamento/vila-real/mondim-de-basto"
    ],
    "viseu": [
        "/pt/resultados/comprar/apartamento/viseu/castro-daire",
        "/pt/resultados/comprar/apartamento/viseu/sao-pedro-do-sul",
        "/pt/resultados/comprar/apartamento/viseu/vila-nova-de-paiva",
        "/pt/resultados/comprar/apartamento/viseu/sernancelhe",
        "/pt/resultados/comprar/apartamento/viseu/sao-joao-da-pesqueira",
        "/pt/resultados/comprar/apartamento/viseu/viseu",
        "/pt/resultados/comprar/apartamento/viseu/resende",
        "/pt/resultados/comprar/apartamento/viseu/cinfaes",
        "/pt/resultados/comprar/apartamento/viseu/lamego",
        "/pt/resultados/comprar/apartamento/viseu/penalva-do-castelo",
        "/pt/resultados/comprar/apartamento/viseu/tarouca",
        "/pt/resultados/comprar/apartamento/viseu/carregal-do-sal",
        "/pt/resultados/comprar/apartamento/viseu/vouzela",
        "/pt/resultados/comprar/apartamento/viseu/oliveira-de-frades",
        "/pt/resultados/comprar/apartamento/viseu/mortagua",
        "/pt/resultados/comprar/apartamento/viseu/mangualde",
        "/pt/resultados/comprar/apartamento/viseu/armamar",
        "/pt/resultados/comprar/apartamento/viseu/santa-comba-dao",
        "/pt/resultados/comprar/apartamento/viseu/nelas",
        "/pt/resultados/comprar/apartamento/viseu/moimenta-da-beira",
        "/pt/resultados/comprar/apartamento/viseu/tondela",
        "/pt/resultados/comprar/apartamento/viseu/satao",
        "/pt/resultados/comprar/apartamento/viseu/tabuaco"
    ]
}